name,phone,location,blood_group,last_donation_date,eligible_status,anonymous_mode,full_location,latitude,longitude
Afia Abida Islam,1770378044,Malibagh,O+,,True,False,"Malibagh, Bangladesh",23.7464464,90.4159433
Shadman Zarif Tasin,1728042372,Malibagh,O+,,True,False,"Malibagh, Bangladesh",23.7464464,90.4159433
Arik,1983973642,mirpur,O+,2025-07-01,True,False,"mirpur, Bangladesh",23.9363038,88.997764
Noor-E-Mysha,1770378005,Dhanmondi,B+,2025-06-05,True,False,"Dhanmondi, Dhaka",23.746,90.376
Jannatin Afnan,1770378006,Bashundhara,A-,2025-05-30,True,False,"Bashundhara, Dhaka",23.812,90.424
Musfique Ahmed,1770378007,Vatara,O-,2025-02-28,True,False,"Vatara, Dhaka",23.780,90.435
Saiyada Ayesha,1770378008,Khilgaon,AB+,2025-06-10,True,False,"Khilgaon, Dhaka",23.735,90.422
Mahera Rahman,1770378009,Gulshan,B+,2025-04-25,True,False,"Gulshan, Dhaka",23.780,90.410
Mohsin,1770378010,Tejgaon,O+,2025-05-12,True,False,"Tejgaon, Dhaka",23.762,90.398
Tonim Uddin,1770378011,New Market,A+,2025-06-15,True,False,"New Market, Dhaka",23.733,90.395
Farhan Ashraf,1770378012,Lalmatia,B-,2025-06-20,True,False,"Lalmatia, Dhaka",23.747,90.365
Abdullah Al Mamun,1770378013,Vatara,O+,2025-07-10,True,False,"Vatara, Dhaka",23.780,90.435
Fatin Tazwar,1770378014,Khilgaon,AB+,2025-06-01,True,False,"Khilgaon, Dhaka",23.735,90.422
Arik Karim,1770378015,Banani,A+,2025-05-05,True,False,"Banani, Dhaka",23.794,90.407
Rina Akter,1770378016,Dhanmondi,O+,2025-06-08,True,False,"Dhanmondi, Dhaka",23.746,90.376
Hasanuzzaman Rafi,1770378017,Gulshan,B+,2025-06-03,True,False,"Gulshan, Dhaka",23.780,90.410
Sabrina Nahar,1770378018,Mirpur,O+,2025-05-25,True,False,"Mirpur, Dhaka",23.810,90.366
Tanvir Hossain,1770378019,Bashabo,A+,2025-06-12,True,False,"Bashabo, Dhaka",23.749,90.384
Nafisa Khan,1770378020,Dhanmondi,O+,2025-06-09,True,False,"Dhanmondi, Dhaka",23.746,90.376
Shuvo Das,1770378021,Bashundhara,B+,2025-05-18,True,False,"Bashundhara, Dhaka",23.812,90.424
Mim Rashid,1770378022,Vatara,O+,2025-06-11,True,False,"Vatara, Dhaka",23.780,90.435
Rafiq Islam,1770378023,Khilgaon,A+,2025-05-27,True,False,"Khilgaon, Dhaka",23.735,90.422
Samira Begum,1770378024,Malibagh,B+,2025-06-07,True,False,"Malibagh, Dhaka",23.746,90.415
Imran Hasan,1770378025,Mirpur,O+,2025-05-15,True,False,"Mirpur, Dhaka",23.810,90.366
Tania Jahan,1770378026,Uttara,A+,2025-06-06,True,False,"Uttara, Dhaka",23.869,90.399
Nayeem Hossain,1770378027,Dhanmondi,O+,2025-06-04,True,False,"Dhanmondi, Dhaka",23.746,90.376
Farzana Akhter,1770378028,Banani,B+,2025-05-28,True,False,"Banani, Dhaka",23.794,90.407
Rashed Chowdhury,1770378029,Gulshan,O+,2025-05-26,True,False,"Gulshan, Dhaka",23.780,90.410
Laila Sultana,1770378030,Khilgaon,A+,2025-06-02,True,False,"Khilgaon, Dhaka",23.735,90.422
Maruf Hossain,1770378031,Malibagh,B+,2025-05-21,True,False,"Malibagh, Dhaka",23.746,90.415
Sumaiya Rahman,1770378032,Mirpur,O+,2025-06-03,True,False,"Mirpur, Dhaka",23.810,90.366
Tanha Ahmed,1770378033,Bashabo,A+,2025-06-10,True,False,"Bashabo, Dhaka",23.749,90.384
Shihab Uddin,1770378034,Dhanmondi,O+,2025-06-09,True,False,"Dhanmondi, Dhaka",23.746,90.376
Nabila Ferdous,1770378035,Bashundhara,B+,2025-05-29,True,False,"Bashundhara, Dhaka",23.812,90.424
Arman Kabir,1770378036,Vatara,O+,2025-06-11,True,False,"Vatara, Dhaka",23.780,90.435
Tamanna Islam,1770378037,Khilgaon,A+,2025-06-05,True,False,"Khilgaon, Dhaka",23.735,90.422
Shakib Hasan,1770378038,Malibagh,B+,2025-06-08,True,False,"Malibagh, Dhaka",23.746,90.415
Nishat Jahan,1770378039,Mirpur,O+,2025-06-07,True,False,"Mirpur, Dhaka",23.810,90.366
Emon Rahman,1770378040,Bashabo,A+,2025-06-06,True,False,"Bashabo, Dhaka",23.749,90.384
Nusrat Faria,1770378041,Dhanmondi,O+,2025-06-09,True,False,"Dhanmondi, Dhaka",23.746,90.376
Rakibul Islam,1770378042,Bashundhara,B+,2025-05-31,True,False,"Bashundhara, Dhaka",23.812,90.424
Anika Akter,1770378043,Vatara,O+,2025-06-10,True,False,"Vatara, Dhaka",23.780,90.435
Saif Ullah,1770378044,Khilgaon,A+,2025-06-05,True,False,"Khilgaon, Dhaka",23.735,90.422
Monira Begum,1770378045,Malibagh,B+,2025-06-07,True,False,"Malibagh, Dhaka",23.746,90.415
Rony Hossain,1770378046,Mirpur,O+,2025-05-25,True,False,"Mirpur, Dhaka",23.810,90.366
Ishrat Jahan,1770378047,Bashabo,A+,2025-06-03,True,False,"Bashabo, Dhaka",23.749,90.384
Fahim Chowdhury,1770378048,Dhanmondi,O+,2025-06-04,True,False,"Dhanmondi, Dhaka",23.746,90.376
Tanjim Karim,1770378049,Bashundhara,B+,2025-06-01,True,False,"Bashundhara, Dhaka",23.812,90.424
Rumana Sultana,1770378050,Vatara,O+,2025-06-02,True,False,"Vatara, Dhaka",23.780,90.435
Arafat Rahman,1770378070,Vatara,AB-, ,True,False,"Vatara, Dhaka",23.780,90.435
Sohana Islam,1770378071,Khilgaon,A+, ,True,False,"Khilgaon, Dhaka",23.735,90.422
Rupam Kabir,1770378072,Malibagh,O+, ,True,False,"Malibagh, Dhaka",23.746,90.415
Rumana Sultana,1770378073,Mirpur,B+, ,True,False,"Mirpur, Dhaka",23.810,90.366
Tanvir Hossain,1770378074,Bashabo,O-, ,True,False,"Bashabo, Dhaka",23.749,90.384
Nabila Ferdous,1770378075,Dhanmondi,A-, ,True,False,"Dhanmondi, Dhaka",23.746,90.376
Ishrat Jahan,1770378076,Bashundhara,B+, ,True,False,"Bashundhara, Dhaka",23.812,90.424
Fahim Chowdhury,1770378077,Vatara,O+, ,True,False,"Vatara, Dhaka",23.780,90.435
Tania Jahan,1770378078,Khilgaon,AB+, ,True,False,"Khilgaon, Dhaka",23.735,90.422
Emon Rahman,1770378079,Malibagh,O-, ,True,False,"Malibagh, Dhaka",23.746,90.415
Rakibul Islam,1770378080,Mirpur,A+, ,True,False,"Mirpur, Dhaka",23.810,90.366
Aminul Haque,1770378100,Uttara,AB-,2025-05-15,True,False,"Uttara, Dhaka",23.869,90.399
Razia Sultana,1770378101,Banani,AB-,2025-04-28,True,False,"Banani, Dhaka",23.794,90.407
Jahidul Islam,1770378102,Gulshan,AB-,2025-06-01,True,False,"Gulshan, Dhaka",23.780,90.410
Nafisa Rahman,1770378103,Tejgaon,AB-,2025-05-20,True,False,"Tejgaon, Dhaka",23.762,90.398
Shafiqul Alam,1770378104,Bashabo,AB-,2025-05-18,True,False,"Bashabo, Dhaka",23.749,90.384
Tamanna Khatun,1770378105,Khilgaon,AB-,2025-06-05,True,False,"Khilgaon, Dhaka",23.735,90.422
Rasheda Akter,1770378106,Dhanmondi,AB-,2025-04-30,True,False,"Dhanmondi, Dhaka",23.746,90.376
Fahim Reza,1770378107,Malibagh,AB-,2025-05-22,True,False,"Malibagh, Dhaka",23.746,90.415
Sohana Karim,1770378108,Vatara,AB-,2025-06-02,True,False,"Vatara, Dhaka",23.780,90.435
Arif Mia,1770378109,Mirpur,AB-,2025-05-25,True,False,"Mirpur, Dhaka",23.810,90.366
Ayesha Rahman,1770378120,Mirpur,O+,2025-07-15,True,False,"Mirpur, Dhaka",23.810,90.366
Imran Kabir,1770378121,Bashabo,A-,2025-06-30,True,False,"Bashabo, Dhaka",23.749,90.384
Shabnam Akter,1770378122,Khilgaon,B+,2025-05-25,True,False,"Khilgaon, Dhaka",23.735,90.422
Rasheda Noor,1770378123,Malibagh,O-,2025-06-10,True,False,"Malibagh, Dhaka",23.746,90.415
Tanvir Chowdhury,1770378124,Dhanmondi,AB+,2025-07-01,True,False,"Dhanmondi, Dhaka",23.746,90.376
Mim Rashid,1770378125,Banani,A+,2025-06-15,True,False,"Banani, Dhaka",23.794,90.407
Farzana Akhter,1770378126,Gulshan,B-,2025-05-20,True,False,"Gulshan, Dhaka",23.780,90.410
Arik Hossain,1770378127,Uttara,O+,2025-06-05,True,False,"Uttara, Dhaka",23.869,90.399
Sabrina Tazwar,1770378128,Khilgaon,AB-,2025-06-12,True,False,"Khilgaon, Dhaka",23.735,90.422
Nashit Karim,1770378129,Malibagh,A-,2025-07-07,True,False,"Malibagh, Dhaka",23.746,90.415
Rina Sultana,1770378130,Dhanmondi,O+,2025-06-20,True,False,"Dhanmondi, Dhaka",23.746,90.376
Tanha Islam,1770378131,Bashabo,B+,2025-07-03,True,False,"Bashabo, Dhaka",23.749,90.384
Shihab Uddin,1770378132,Mirpur,AB+,2025-06-25,True,False,"Mirpur, Dhaka",23.810,90.366
Nabila Ferdous,1770378133,Khilgaon,O-,2025-07-10,True,False,"Khilgaon, Dhaka",23.735,90.422
Rafiq Hasan,1770378134,Banani,A+,2025-06-18,True,False,"Banani, Dhaka",23.794,90.407
Emon Mia,1770378135,Malibagh,B-,2025-06-28,True,False,"Malibagh, Dhaka",23.746,90.415
Afia Noor,1770378136,Dhanmondi,O+,2025-07-05,True,False,"Dhanmondi, Dhaka",23.746,90.376
Maruf Hossain,1770378137,Gulshan,AB-,2025-06-30,True,False,"Gulshan, Dhaka",23.780,90.410
Tanjim Rahman,1770378138,Mirpur,A+,2025-07-08,True,False,"Mirpur, Dhaka",23.810,90.366
Sohana Akter,1770378139,Khilgaon,O-,2025-06-22,True,False,"Khilgaon, Dhaka",23.735,90.422
Tasin,01538854674,Malibagh,O+,2025-05-16,True,False
Shadman,01728042372,Malibagh,O+,2025-05-06,True,False
Shadman Zarif,01728042372,Malibagh,O+,2025-06-10,True,False
